{
  "mappings": {
    "baritone/launch/mixins/MixinCommandSuggestionHelper": {
      "refresh": "Lnet/minecraft/class_4717;method_23934()V"
    },
    "baritone/launch/mixins/MixinChunkArray": {
      "net.minecraft.client.world.ClientChunkManager$ClientChunkMap": "net/minecraft/class_631$class_3681"
    },
    "baritone/launch/mixins/MixinMinecraft": {
      "joinWorld": "Lnet/minecraft/class_310;method_1481(Lnet/minecraft/class_638;)V",
      "net/minecraft/client/gui/screen/Screen.passEvents:Z": "Lnet/minecraft/class_437;field_22792:Z",
      "Lnet/minecraft/client/MinecraftClient;currentScreen:Lnet/minecraft/client/gui/screen/Screen;": "Lnet/minecraft/class_310;field_1755:Lnet/minecraft/class_437;",
      "tick": "Lnet/minecraft/class_310;method_1574()V"
    },
    "baritone/launch/mixins/MixinPlayerController": {
      "breakingBlock": "field_3717:Z",
      "currentBreakingPos": "field_3714:Lnet/minecraft/class_2338;",
      "syncSelectedSlot": "method_2911()V"
    },
    "baritone/launch/mixins/MixinEntity": {
      "updateVelocity": "Lnet/minecraft/class_1297;method_5724(FLnet/minecraft/class_243;)V"
    },
    "baritone/launch/mixins/MixinClientPlayerEntity": {
      "net/minecraft/entity/player/PlayerAbilities.allowFlying:Z": "Lnet/minecraft/class_1656;field_7478:Z",
      "Lnet/minecraft/client/options/KeyBinding;isPressed()Z": "Lnet/minecraft/class_304;method_1434()Z",
      "tickMovement": "Lnet/minecraft/class_746;method_6007()V",
      "Lnet/minecraft/client/network/ClientPlayerEntity;sendMovementPackets()V": "Lnet/minecraft/class_746;method_3136()V",
      "Lnet/minecraft/client/network/ClientPlayerEntity;hasVehicle()Z": "Lnet/minecraft/class_746;method_5765()Z",
      "tickRiding": "Lnet/minecraft/class_746;method_5842()V",
      "sendChatMessage": "Lnet/minecraft/class_746;method_3142(Ljava/lang/String;)V",
      "tick": "Lnet/minecraft/class_746;method_5773()V"
    },
    "baritone/launch/mixins/MixinNetworkManager": {
      "sendImmediately": "Lnet/minecraft/class_2535;method_10764(Lnet/minecraft/class_2596;Lio/netty/util/concurrent/GenericFutureListener;)V",
      "channelRead0": "Lnet/minecraft/class_2535;method_10770(Lio/netty/channel/ChannelHandlerContext;Lnet/minecraft/class_2596;)V",
      "Lnet/minecraft/network/ClientConnection;handlePacket(Lnet/minecraft/network/Packet;Lnet/minecraft/network/listener/PacketListener;)V": "Lnet/minecraft/class_2535;method_10759(Lnet/minecraft/class_2596;Lnet/minecraft/class_2547;)V"
    },
    "baritone/launch/mixins/MixinLootContext": {
      "build": "Lnet/minecraft/class_47$class_48;method_309(Lnet/minecraft/class_176;)Lnet/minecraft/class_47;",
      "Lnet/minecraft/server/world/ServerWorld;getServer()Lnet/minecraft/server/MinecraftServer;": "Lnet/minecraft/class_3218;method_8503()Lnet/minecraft/server/MinecraftServer;",
      "Lnet/minecraft/server/MinecraftServer;getPredicateManager()Lnet/minecraft/loot/condition/LootConditionManager;": "Lnet/minecraft/server/MinecraftServer;method_22828()Lnet/minecraft/class_4567;",
      "Lnet/minecraft/server/MinecraftServer;getLootManager()Lnet/minecraft/loot/LootManager;": "Lnet/minecraft/server/MinecraftServer;method_3857()Lnet/minecraft/class_60;"
    },
    "baritone/launch/mixins/MixinClientPlayNetHandler": {
      "onBlockUpdate": "Lnet/minecraft/class_634;method_11136(Lnet/minecraft/class_2626;)V",
      "onChunkData": "Lnet/minecraft/class_634;method_11128(Lnet/minecraft/class_2672;)V",
      "Lnet/minecraft/client/MinecraftClient;openScreen(Lnet/minecraft/client/gui/screen/Screen;)V": "Lnet/minecraft/class_310;method_1507(Lnet/minecraft/class_437;)V",
      "onCombatEvent": "Lnet/minecraft/class_634;method_11133(Lnet/minecraft/class_2698;)V",
      "onChunkDeltaUpdate": "Lnet/minecraft/class_634;method_11100(Lnet/minecraft/class_2637;)V"
    },
    "baritone/launch/mixins/MixinItemStack": {
      "setDamage": "Lnet/minecraft/class_1799;method_7974(I)V"
    },
    "baritone/launch/mixins/MixinWorldRenderer": {
      "render": "Lnet/minecraft/class_761;method_22710(Lnet/minecraft/class_4587;FJZLnet/minecraft/class_4184;Lnet/minecraft/class_757;Lnet/minecraft/class_765;Lnet/minecraft/class_1159;)V"
    },
    "baritone/launch/mixins/MixinScreen": {
      "openLink": "method_25416(Ljava/net/URI;)V"
    },
    "baritone/launch/mixins/MixinLivingEntity": {
      "net/minecraft/entity/LivingEntity.yaw:F": "Lnet/minecraft/class_1309;field_6031:F",
      "jump": "Lnet/minecraft/class_1309;method_6043()V"
    }
  },
  "data": {
    "named:intermediary": {
      "baritone/launch/mixins/MixinCommandSuggestionHelper": {
        "refresh": "Lnet/minecraft/class_4717;method_23934()V"
      },
      "baritone/launch/mixins/MixinChunkArray": {
        "net.minecraft.client.world.ClientChunkManager$ClientChunkMap": "net/minecraft/class_631$class_3681"
      },
      "baritone/launch/mixins/MixinMinecraft": {
        "joinWorld": "Lnet/minecraft/class_310;method_1481(Lnet/minecraft/class_638;)V",
        "net/minecraft/client/gui/screen/Screen.passEvents:Z": "Lnet/minecraft/class_437;field_22792:Z",
        "Lnet/minecraft/client/MinecraftClient;currentScreen:Lnet/minecraft/client/gui/screen/Screen;": "Lnet/minecraft/class_310;field_1755:Lnet/minecraft/class_437;",
        "tick": "Lnet/minecraft/class_310;method_1574()V"
      },
      "baritone/launch/mixins/MixinPlayerController": {
        "breakingBlock": "field_3717:Z",
        "currentBreakingPos": "field_3714:Lnet/minecraft/class_2338;",
        "syncSelectedSlot": "method_2911()V"
      },
      "baritone/launch/mixins/MixinEntity": {
        "updateVelocity": "Lnet/minecraft/class_1297;method_5724(FLnet/minecraft/class_243;)V"
      },
      "baritone/launch/mixins/MixinClientPlayerEntity": {
        "net/minecraft/entity/player/PlayerAbilities.allowFlying:Z": "Lnet/minecraft/class_1656;field_7478:Z",
        "Lnet/minecraft/client/options/KeyBinding;isPressed()Z": "Lnet/minecraft/class_304;method_1434()Z",
        "tickMovement": "Lnet/minecraft/class_746;method_6007()V",
        "Lnet/minecraft/client/network/ClientPlayerEntity;sendMovementPackets()V": "Lnet/minecraft/class_746;method_3136()V",
        "Lnet/minecraft/client/network/ClientPlayerEntity;hasVehicle()Z": "Lnet/minecraft/class_746;method_5765()Z",
        "tickRiding": "Lnet/minecraft/class_746;method_5842()V",
        "sendChatMessage": "Lnet/minecraft/class_746;method_3142(Ljava/lang/String;)V",
        "tick": "Lnet/minecraft/class_746;method_5773()V"
      },
      "baritone/launch/mixins/MixinNetworkManager": {
        "sendImmediately": "Lnet/minecraft/class_2535;method_10764(Lnet/minecraft/class_2596;Lio/netty/util/concurrent/GenericFutureListener;)V",
        "channelRead0": "Lnet/minecraft/class_2535;method_10770(Lio/netty/channel/ChannelHandlerContext;Lnet/minecraft/class_2596;)V",
        "Lnet/minecraft/network/ClientConnection;handlePacket(Lnet/minecraft/network/Packet;Lnet/minecraft/network/listener/PacketListener;)V": "Lnet/minecraft/class_2535;method_10759(Lnet/minecraft/class_2596;Lnet/minecraft/class_2547;)V"
      },
      "baritone/launch/mixins/MixinLootContext": {
        "build": "Lnet/minecraft/class_47$class_48;method_309(Lnet/minecraft/class_176;)Lnet/minecraft/class_47;",
        "Lnet/minecraft/server/world/ServerWorld;getServer()Lnet/minecraft/server/MinecraftServer;": "Lnet/minecraft/class_3218;method_8503()Lnet/minecraft/server/MinecraftServer;",
        "Lnet/minecraft/server/MinecraftServer;getPredicateManager()Lnet/minecraft/loot/condition/LootConditionManager;": "Lnet/minecraft/server/MinecraftServer;method_22828()Lnet/minecraft/class_4567;",
        "Lnet/minecraft/server/MinecraftServer;getLootManager()Lnet/minecraft/loot/LootManager;": "Lnet/minecraft/server/MinecraftServer;method_3857()Lnet/minecraft/class_60;"
      },
      "baritone/launch/mixins/MixinClientPlayNetHandler": {
        "onBlockUpdate": "Lnet/minecraft/class_634;method_11136(Lnet/minecraft/class_2626;)V",
        "onChunkData": "Lnet/minecraft/class_634;method_11128(Lnet/minecraft/class_2672;)V",
        "Lnet/minecraft/client/MinecraftClient;openScreen(Lnet/minecraft/client/gui/screen/Screen;)V": "Lnet/minecraft/class_310;method_1507(Lnet/minecraft/class_437;)V",
        "onCombatEvent": "Lnet/minecraft/class_634;method_11133(Lnet/minecraft/class_2698;)V",
        "onChunkDeltaUpdate": "Lnet/minecraft/class_634;method_11100(Lnet/minecraft/class_2637;)V"
      },
      "baritone/launch/mixins/MixinItemStack": {
        "setDamage": "Lnet/minecraft/class_1799;method_7974(I)V"
      },
      "baritone/launch/mixins/MixinWorldRenderer": {
        "render": "Lnet/minecraft/class_761;method_22710(Lnet/minecraft/class_4587;FJZLnet/minecraft/class_4184;Lnet/minecraft/class_757;Lnet/minecraft/class_765;Lnet/minecraft/class_1159;)V"
      },
      "baritone/launch/mixins/MixinScreen": {
        "openLink": "method_25416(Ljava/net/URI;)V"
      },
      "baritone/launch/mixins/MixinLivingEntity": {
        "net/minecraft/entity/LivingEntity.yaw:F": "Lnet/minecraft/class_1309;field_6031:F",
        "jump": "Lnet/minecraft/class_1309;method_6043()V"
      }
    }
  }
}