{
  "schemaVersion": 1,
  "id": "spruceui",
  "name": "SpruceUI",
  "version": "2.1.4+1.16",
  "description": "Just a GUI library.",
  "authors": [
    "LambdAurora"
  ],
  "contact": {
    "homepage": "https://github.com/LambdAurora/SpruceUI",
    "sources": "https://github.com/LambdAurora/SpruceUI.git",
    "issues": "https://github.com/LambdAurora/SpruceUI/issues"
  },
  "license": "MIT",
  "icon": "assets/spruceui/icon.png",
  "environment": "client",
  "entrypoints": {
    "client": [
      "me.lambdaurora.spruceui.hud.HudManager::initialize"
    ]
  },
  "mixins": [
    "spruceui.mixins.json"
  ],
  "depends": {
    "fabricloader": "\u003e\u003d0.11.1",
    "fabric-api-base": "*",
    "fabric-lifecycle-events-v1": "*",
    "fabric-rendering-v1": "*",
    "fabric-resource-loader-v0": "\u003e\u003d0.4.1",
    "minecraft": "~1.16.2"
  },
  "suggests": {
    "ltr": "*"
  },
  "custom": {
    "modmenu:api": true
  },
  "jars": [
    {
      "file": "META-INF/jars/lambdajcommon-1.8.1.jar"
    }
  ]
}