{
  "mappings": {
    "me/lambdaurora/spruceui/mixin/MinecraftClientMixin": {
      "onResolutionChanged": "Lnet/minecraft/class_310;method_15993()V",
      "openScreen": "Lnet/minecraft/class_310;method_1507(Lnet/minecraft/class_437;)V"
    }
  },
  "data": {
    "named:intermediary": {
      "me/lambdaurora/spruceui/mixin/MinecraftClientMixin": {
        "onResolutionChanged": "Lnet/minecraft/class_310;method_15993()V",
        "openScreen": "Lnet/minecraft/class_310;method_1507(Lnet/minecraft/class_437;)V"
      }
    }
  }
}